﻿{"paragraphs":[{"text":"%md\n# Exercise 0 : Get Familiar with Zeppelin","user":"anonymous","dateUpdated":"2020-02-12T21:09:29+0000","config":{"colWidth":12,"fontSize":9,"enabled":true,"results":{},"editorSetting":{"language":"markdown","editOnDblClick":true,"completionKey":"TAB","completionSupport":false},"editorMode":"ace/mode/markdown","editorHide":false,"tableHide":false},"settings":{"params":{},"forms":{}},"results":{"code":"SUCCESS","msg":[{"type":"HTML","data":"<div class=\"markdown-body\">\n<h1>Exercise 0 : Get Familiar with Zeppelin</h1>\n</div>"}]},"apps":[],"jobName":"paragraph_1581541106275_-2141397373","id":"20200212-205826_70774014","dateCreated":"2020-02-12T20:58:26+0000","dateStarted":"2020-02-12T21:09:29+0000","dateFinished":"2020-02-12T21:09:29+0000","status":"FINISHED","progressUpdateIntervalMs":500,"focus":true,"$$hashKey":"object:8814"},{"text":"%md\n#### Font Size and different width","user":"anonymous","dateUpdated":"2020-02-12T21:09:29+0000","config":{"colWidth":12,"fontSize":9,"enabled":true,"results":{},"editorSetting":{"language":"markdown","editOnDblClick":true,"completionKey":"TAB","completionSupport":false},"editorMode":"ace/mode/markdown","editorHide":false,"tableHide":false},"settings":{"params":{},"forms":{}},"apps":[],"jobName":"paragraph_1581541102126_-777201477","id":"20200212-205822_107015314","dateCreated":"2020-02-12T20:58:22+0000","dateStarted":"2020-02-12T21:09:29+0000","dateFinished":"2020-02-12T21:09:29+0000","status":"FINISHED","errorMessage":"","progressUpdateIntervalMs":500,"$$hashKey":"object:8815"},{"text":"%md\n#### Font 9","user":"anonymous","dateUpdated":"2020-02-19T00:36:48+0000","config":{"colWidth":3,"fontSize":9,"enabled":true,"results":{},"editorSetting":{"language":"markdown","editOnDblClick":true,"completionKey":"TAB","completionSupport":false},"editorMode":"ace/mode/markdown","editorHide":false,"tableHide":false},"settings":{"params":{},"forms":{}},"results":{"code":"SUCCESS","msg":[{"type":"HTML","data":"<div class=\"markdown-body\">\n<h4>Font 9</h4>\n</div>"}]},"apps":[],"jobName":"paragraph_1581541198988_1323807310","id":"20200212-205958_2114216815","dateCreated":"2020-02-12T20:59:58+0000","dateStarted":"2020-02-19T00:36:39+0000","dateFinished":"2020-02-19T00:36:44+0000","status":"FINISHED","progressUpdateIntervalMs":500,"$$hashKey":"object:8816"},{"text":"%md\n#### Font 13","user":"anonymous","dateUpdated":"2020-02-19T00:29:44+0000","config":{"colWidth":3,"fontSize":13,"enabled":true,"results":{},"editorSetting":{"language":"markdown","editOnDblClick":true,"completionKey":"TAB","completionSupport":false},"editorMode":"ace/mode/markdown","editorHide":false,"tableHide":false},"settings":{"params":{},"forms":{}},"results":{"code":"SUCCESS","msg":[{"type":"HTML","data":"<div class=\"markdown-body\">\n<h4>Font 9</h4>\n</div>"}]},"apps":[],"jobName":"paragraph_1581541263913_226307389","id":"20200212-210103_635473375","dateCreated":"2020-02-12T21:01:03+0000","dateStarted":"2020-02-12T21:09:30+0000","dateFinished":"2020-02-12T21:09:30+0000","status":"FINISHED","progressUpdateIntervalMs":500,"$$hashKey":"object:8817"},{"text":"%md\n#### Font 16","user":"anonymous","dateUpdated":"2020-02-19T00:29:55+0000","config":{"colWidth":3,"fontSize":16,"enabled":true,"results":{},"editorSetting":{"language":"markdown","editOnDblClick":true,"completionKey":"TAB","completionSupport":false},"editorMode":"ace/mode/markdown","editorHide":false,"tableHide":false},"settings":{"params":{},"forms":{}},"results":{"code":"SUCCESS","msg":[{"type":"HTML","data":"<div class=\"markdown-body\">\n<h4>Font 9</h4>\n</div>"}]},"apps":[],"jobName":"paragraph_1581541290227_-1384420815","id":"20200212-210130_1517377917","dateCreated":"2020-02-12T21:01:30+0000","dateStarted":"2020-02-12T21:09:30+0000","dateFinished":"2020-02-12T21:09:30+0000","status":"FINISHED","progressUpdateIntervalMs":500,"$$hashKey":"object:8818"},{"text":"%md\n#### Font 20","user":"anonymous","dateUpdated":"2020-02-19T00:30:09+0000","config":{"colWidth":3,"fontSize":20,"enabled":true,"results":{},"editorSetting":{"language":"markdown","editOnDblClick":true,"completionKey":"TAB","completionSupport":false},"editorMode":"ace/mode/markdown","editorHide":false,"tableHide":false},"settings":{"params":{},"forms":{}},"results":{"code":"SUCCESS","msg":[{"type":"HTML","data":"<div class=\"markdown-body\">\n<h4>Font 9</h4>\n</div>"}]},"apps":[],"jobName":"paragraph_1581541302859_-1417227626","id":"20200212-210142_2137728278","dateCreated":"2020-02-12T21:01:42+0000","dateStarted":"2020-02-12T21:09:31+0000","dateFinished":"2020-02-12T21:09:31+0000","status":"FINISHED","progressUpdateIntervalMs":500,"$$hashKey":"object:8819"},{"title":"With Title","text":"%md\nShow Title","user":"anonymous","dateUpdated":"2020-02-12T21:09:31+0000","config":{"colWidth":6,"fontSize":9,"enabled":true,"results":{},"editorSetting":{"language":"markdown","editOnDblClick":true,"completionKey":"TAB","completionSupport":false},"editorMode":"ace/mode/markdown","editorHide":false,"tableHide":false,"title":true},"settings":{"params":{},"forms":{}},"results":{"code":"SUCCESS","msg":[{"type":"HTML","data":"<div class=\"markdown-body\">\n<p>Show Title</p>\n</div>"}]},"apps":[],"jobName":"paragraph_1581541327517_364749200","id":"20200212-210207_241302479","dateCreated":"2020-02-12T21:02:07+0000","dateStarted":"2020-02-12T21:09:31+0000","dateFinished":"2020-02-12T21:09:31+0000","status":"FINISHED","progressUpdateIntervalMs":500,"$$hashKey":"object:8820"},{"title":"Line Numbers","text":"%md\nLine Numbers","user":"anonymous","dateUpdated":"2020-02-12T21:09:31+0000","config":{"colWidth":6,"fontSize":9,"enabled":true,"results":{},"editorSetting":{"language":"markdown","editOnDblClick":true,"completionKey":"TAB","completionSupport":false},"editorMode":"ace/mode/markdown","title":true,"lineNumbers":true,"editorHide":false,"tableHide":false},"settings":{"params":{},"forms":{}},"results":{"code":"SUCCESS","msg":[{"type":"HTML","data":"<div class=\"markdown-body\">\n<p>Line Numbers</p>\n</div>"}]},"apps":[],"jobName":"paragraph_1581541439825_-560179717","id":"20200212-210359_925127627","dateCreated":"2020-02-12T21:03:59+0000","dateStarted":"2020-02-12T21:09:32+0000","dateFinished":"2020-02-12T21:09:32+0000","status":"FINISHED","progressUpdateIntervalMs":500,"$$hashKey":"object:8821"},{"title":"Without Title","text":"%md\nHide title","user":"anonymous","dateUpdated":"2020-02-12T21:09:32+0000","config":{"colWidth":6,"fontSize":9,"enabled":true,"results":{},"editorSetting":{"language":"markdown","editOnDblClick":true,"completionKey":"TAB","completionSupport":false},"editorMode":"ace/mode/markdown","editorHide":false,"tableHide":false,"title":false},"settings":{"params":{},"forms":{}},"results":{"code":"SUCCESS","msg":[{"type":"HTML","data":"<div class=\"markdown-body\">\n<p>Hide title</p>\n</div>"}]},"apps":[],"jobName":"paragraph_1581541166092_-1116753413","id":"20200212-205926_7967864","dateCreated":"2020-02-12T20:59:26+0000","dateStarted":"2020-02-12T21:09:32+0000","dateFinished":"2020-02-12T21:09:32+0000","status":"FINISHED","progressUpdateIntervalMs":500,"$$hashKey":"object:8822"},{"title":"Disable Run","text":"%md\nDisable Run","user":"anonymous","dateUpdated":"2020-02-12T21:09:32+0000","config":{"colWidth":6,"fontSize":9,"enabled":false,"results":{},"editorSetting":{"language":"markdown","editOnDblClick":true,"completionKey":"TAB","completionSupport":false},"editorMode":"ace/mode/markdown","title":true,"editorHide":false,"tableHide":false},"settings":{"params":{},"forms":{}},"apps":[],"jobName":"paragraph_1581541483739_624803155","id":"20200212-210443_785471206","dateCreated":"2020-02-12T21:04:43+0000","status":"READY","progressUpdateIntervalMs":500,"$$hashKey":"object:8823"},{"text":"%md\n","user":"anonymous","dateUpdated":"2020-02-12T21:09:32+0000","config":{"colWidth":12,"fontSize":9,"enabled":true,"results":{},"editorSetting":{"language":"markdown","editOnDblClick":true,"completionKey":"TAB","completionSupport":false},"editorMode":"ace/mode/markdown","tableHide":false,"editorHide":false},"settings":{"params":{},"forms":{}},"apps":[],"jobName":"paragraph_1581541701681_1937145733","id":"20200212-210821_753846922","dateCreated":"2020-02-12T21:08:21+0000","status":"FINISHED","progressUpdateIntervalMs":500,"$$hashKey":"object:8824"}],"name":"Exercise 0","id":"2EYYTTHSN","noteParams":{},"noteForms":{},"angularObjects":{"md:shared_process":[],"python:shared_process":[],"sh:shared_process":[],"spark:shared_process":[]},"config":{"isZeppelinNotebookCronEnable":false,"looknfeel":"default","personalizedMode":"false"},"info":{}}